,Security,Symbol,SEC filings,GICS Sector,GICS Sub Industry,Headquarters Location,Date first added[3][4],CIK,Founded
1,3M Company,MMM,reports,Industrials,Industrial Conglomerates,"St. Paul, Minnesota",,66740,1902
2,Abbott Laboratories,ABT,reports,Health Care,Health Care Equipment,"North Chicago, Illinois",3/31/1964,1800,1888
3,AbbVie Inc.,ABBV,reports,Health Care,Pharmaceuticals,"North Chicago, Illinois",12/31/2012,1551152,2013 (1888)
4,ABIOMED Inc,ABMD,reports,Health Care,Health Care Equipment,"Danvers, Massachusetts",5/31/2018,815094,1981
5,Accenture plc,ACN,reports,Information Technology,IT Consulting & Other Services,"Dublin, Ireland",7/6/2011,1467373,1989
6,Activision Blizzard,ATVI,reports,Communication Services,Interactive Home Entertainment,"Santa Monica, California",8/31/2015,718877,2008
7,Adobe Systems Inc,ADBE,reports,Information Technology,Application Software,"San Jose, California",5/5/1997,796343,1982
8,Advanced Micro Devices Inc,AMD,reports,Information Technology,Semiconductors,"Sunnyvale, California",3/20/2017,2488,1969
9,Advance Auto Parts,AAP,reports,Consumer Discretionary,Automotive Retail,"Roanoke, Virginia",7/9/2015,1158449,1932
10,AES Corp,AES,reports,Utilities,Independent Power Producers & Energy Traders,"Arlington, Virginia",10/2/1998,874761,1981
11,Affiliated Managers Group Inc,AMG,reports,Financials,Asset Management & Custody Banks,"Beverly, Massachusetts",7/1/2014,1004434,1993
12,AFLAC Inc,AFL,reports,Financials,Life & Health Insurance,"Columbus, Georgia",5/28/1999,4977,1955
13,Agilent Technologies Inc,A,reports,Health Care,Health Care Equipment,"Santa Clara, California",6/5/2000,1090872,1999
14,Air Products & Chemicals Inc,APD,reports,Materials,Industrial Gases,"Allentown, Pennsylvania",4/30/1985,2969,1940
15,Akamai Technologies Inc,AKAM,reports,Information Technology,Internet Services & Infrastructure,"Cambridge, Massachusetts",7/12/2007,1086222,1998
16,Alaska Air Group Inc,ALK,reports,Industrials,Airlines,"Seattle, Washington",5/13/2016,766421,1985
17,Albemarle Corp,ALB,reports,Materials,Specialty Chemicals,"Baton Rouge, Louisiana",7/1/2016,915913,1994
18,Alexandria Real Estate Equities Inc,ARE,reports,Real Estate,Office REITs,"Pasadena, California",3/20/2017,1035443,1994
19,Align Technology,ALGN,reports,Health Care,Health Care Supplies,"San Jose, California",6/19/2017,1097149,1997
20,Allegion,ALLE,reports,Industrials,Building Products,"Dublin, Ireland",12/2/2013,1579241,1908
21,Alliant Energy Corp,LNT,reports,Utilities,Electric Utilities,"Madison, Wisconsin",7/1/2016,352541,1917
22,Allstate Corp,ALL,reports,Financials,Property & Casualty Insurance,"Northfield Township, Illinois",7/13/1995,899051,1931
23,Alphabet Inc Class A,GOOGL,reports,Communication Services,Interactive Media & Services,"Mountain View, California",4/3/2014,1652044,1998
24,Alphabet Inc Class C,GOOG,reports,Communication Services,Interactive Media & Services,"Mountain View, California",4/3/2006,1652044,1998
25,Altria Group Inc,MO,reports,Consumer Staples,Tobacco,"Richmond, Virginia",,764180,1985
26,Amazon.com Inc.,AMZN,reports,Consumer Discretionary,Internet & Direct Marketing Retail,"Seattle, Washington",11/18/2005,1018724,1994
27,Ameren Corp,AEE,reports,Utilities,Multi-Utilities,"St. Louis, Missouri",9/19/1991,1002910,1902
28,American Airlines Group,AAL,reports,Industrials,Airlines,"Fort Worth, Texas",3/23/2015,6201,1934
29,American Electric Power,AEP,reports,Utilities,Electric Utilities,"Columbus, Ohio",,4904,1906
30,American Express Co,AXP,reports,Financials,Consumer Finance,"New York, New York",6/30/1976,4962,1850
31,American International Group,AIG,reports,Financials,Property & Casualty Insurance,"New York, New York",3/31/1980,5272,1919
32,American Tower Corp.,AMT,reports,Real Estate,Specialized REITs,"Boston, Massachusetts",11/19/2007,1053507,1995
33,American Water Works Company Inc,AWK,reports,Utilities,Water Utilities,"Voorhees, New Jersey",3/4/2016,1410636,1886
34,Ameriprise Financial,AMP,reports,Financials,Asset Management & Custody Banks,"Minneapolis, Minnesota",10/3/2005,820027,1894
35,AmerisourceBergen Corp,ABC,reports,Health Care,Health Care Distributors,"Chesterbrook, Pennsylvania",8/30/2001,1140859,1985
36,AMETEK Inc.,AME,reports,Industrials,Electrical Components & Equipment,"Berwyn, Pennsylvania",9/23/2013,1037868,1930
37,Amgen Inc.,AMGN,reports,Health Care,Biotechnology,"Thousand Oaks, California",1/2/1992,318154,1980
38,Amphenol Corp,APH,reports,Information Technology,Electronic Components,"Wallingford, Connecticut",9/30/2008,820313,1932
39,"Analog Devices, Inc.",ADI,reports,Information Technology,Semiconductors,"Norwood, Massachusetts",10/12/1999,6281,1965
40,ANSYS,ANSS,reports,Information Technology,Application Software,"Canonsburg, Pennsylvania",6/19/2017,1013462,1969
41,Anthem Inc.,ANTM,reports,Health Care,Managed Health Care,"Indianapolis, Indiana",7/25/2002,1156039,2014 (1940s)
42,Aon plc,AON,reports,Financials,Insurance Brokers,"London, United Kingdom",4/23/1996,315293,1982 (1919)
43,A.O. Smith Corp,AOS,reports,Industrials,Building Products,"Milwaukee, Wisconsin",7/26/2017,91142,1916
44,Apache Corporation,APA,reports,Energy,Oil & Gas Exploration & Production,"Houston, Texas",7/28/1997,6769,1954
45,Apartment Investment & Management (Aimco),AIV,reports,Real Estate,Residential REITs,"Denver, Colorado",3/14/2003,922864,1994 (1975)
46,Apple Inc.,AAPL,reports,Information Technology,"Technology Hardware, Storage & Peripherals","Cupertino, California",11/30/1982,320193,1977
47,Applied Materials Inc.,AMAT,reports,Information Technology,Semiconductor Equipment,"Santa Clara, California",3/16/1995,6951,1967
48,Aptiv Plc,APTV,reports,Consumer Discretionary,Auto Parts & Equipment,"Gillingham, Kent, United Kingdom",12/24/2012,1521332,1994
49,Archer-Daniels-Midland Co,ADM,reports,Consumer Staples,Agricultural Products,"Decatur, Illinois",7/29/1981,7084,1902
50,Arista Networks,ANET,reports,Information Technology,Communications Equipment,"Santa Clara, California",8/28/2018,1596532,2004
51,Arthur J. Gallagher & Co.,AJG,reports,Financials,Insurance Brokers,"Itasca, Illinois",5/31/2016,354190,
52,Assurant Inc.,AIZ,reports,Financials,Multi-line Insurance,"New York, New York",4/10/2007,1267238,
53,AT&T Inc.,T,reports,Communication Services,Integrated Telecommunication Services,"Dallas, Texas",11/30/1983,732717,1983
54,Autodesk Inc.,ADSK,reports,Information Technology,Application Software,"San Rafael, California",12/1/1989,769397,
55,Automatic Data Processing,ADP,reports,Information Technology,Internet Software & Services,"Roseland, New Jersey",3/31/1981,8670,
56,AutoZone Inc,AZO,reports,Consumer Discretionary,Specialty Stores,"Memphis, Tennessee",1/2/1997,866787,
57,"AvalonBay Communities, Inc.",AVB,reports,Real Estate,Residential REITs,"Arlington, Virginia[5]",1/10/2007,915912,
58,Avery Dennison Corp,AVY,reports,Materials,Paper Packaging,"Glendale, California",12/31/1987,8818,
59,Ball Corp,BLL,reports,Materials,Metal & Glass Containers,"Broomfield, Colorado",10/31/1984,9389,
60,Bank of America Corp,BAC,reports,Financials,Diversified Banks,"Charlotte, North Carolina",6/30/1976,70858,
61,The Bank of New York Mellon Corp.,BK,reports,Financials,Asset Management & Custody Banks,"New York, New York",3/31/1995,1390777,
62,Baxter International Inc.,BAX,reports,Health Care,Health Care Equipment,"Deerfield, Illinois",9/30/1972,10456,1931
63,Becton Dickinson,BDX,reports,Health Care,Health Care Equipment,"Franklin Lakes, New Jersey",9/30/1972,10795,1897
64,Berkshire Hathaway,BRK-B,reports,Financials,Multi-Sector Holdings,"Omaha, Nebraska",2/16/2010,1067983,
65,Best Buy Co. Inc.,BBY,reports,Consumer Discretionary,Computer & Electronics Retail,"Richfield, Minnesota",6/29/1999,764478,
66,Biogen Inc.,BIIB,reports,Health Care,Biotechnology,"Weston, Massachusetts",11/13/2003,875045,
67,BlackRock,BLK,reports,Financials,Asset Management & Custody Banks,"New York, New York",4/4/2011,1364742,
68,Block H&R,HRB,reports,Consumer Discretionary,Specialized Consumer Services,"Kansas City, Missouri",11/30/1986,12659,
69,Boeing Company,BA,reports,Industrials,Aerospace & Defense,"Chicago, Illinois",,12927,1916
70,Booking Holdings Inc,BKNG,reports,Consumer Discretionary,Internet & Direct Marketing Retail,"Norwalk, Connecticut",11/6/2009,1075531,
71,BorgWarner,BWA,reports,Consumer Discretionary,Auto Parts & Equipment,"Auburn Hills, Michigan",12/19/2011,908255,
72,Boston Properties,BXP,reports,Real Estate,Office REITs,"Boston, Massachusetts",4/3/2006,1037540,
73,Boston Scientific,BSX,reports,Health Care,Health Care Equipment,"Marlborough, Massachusetts[6]",2/24/1995,885725,
74,Bristol-Myers Squibb,BMY,reports,Health Care,Health Care Distributors,"New York, New York",,14272,1989
75,Broadcom,AVGO,reports,Information Technology,Semiconductors,"San Jose, California",5/8/2014,1441634,
76,Broadridge Financial Solutions,BR,reports,Information Technology,Data Processing & Outsourced Services,"Lake Success, New York",6/18/2018,1383312,1962
77,Brown-Forman Corp.,BF-B,reports,Consumer Staples,Distillers & Vintners,"Louisville, Kentucky",10/31/1982,14693,
78,C. H. Robinson Worldwide,CHRW,reports,Industrials,Air Freight & Logistics,"Eden Prairie, Minnesota",3/2/2007,1043277,
79,Cadence Design Systems,CDNS,reports,Information Technology,Application Software,"San Jose, California",9/18/2017,813672,
80,Campbell Soup,CPB,reports,Consumer Staples,Packaged Foods & Meats,"Camden, New Jersey",,16732,1869
81,Capital One Financial,COF,reports,Financials,Consumer Finance,"Tysons Corner, Virginia",7/1/1998,927628,1935
82,Capri Holdings,CPRI,reports,Consumer Discretionary,"Apparel, Accessories & Luxury Goods","New York, New York",11/13/2013,1530721,
83,Cardinal Health Inc.,CAH,reports,Health Care,Health Care Distributors,"Dublin, Ohio",5/27/1997,721371,
84,Carmax Inc,KMX,reports,Consumer Discretionary,Specialty Stores,"Richmond, Virginia",6/28/2010,1170010,
85,Carnival Corp.,CCL,reports,Consumer Discretionary,"Hotels, Resorts & Cruise Lines","Miami, Florida",12/22/1998,815097,
86,Caterpillar Inc.,CAT,reports,Industrials,Construction Machinery & Heavy Trucks,"Peoria, Illinois",,18230,1925
87,Cboe Global Markets,CBOE,reports,Financials,Financial Exchanges & Data,"Chicago, Illinois",3/1/2017,1374310,
88,CBRE Group,CBRE,reports,Real Estate,Real Estate Services,"Los Angeles, California",11/10/2006,1138118,
89,Celanese Corp.,CE,reports,Materials,Specialty Chemicals,"Irving, Texas",12/24/2018,1306830,
90,Centene Corporation,CNC,reports,Health Care,Managed Health Care,"St Louis, Missouri",3/30/2016,1071739,
91,CenterPoint Energy,CNP,reports,Utilities,Multi-Utilities,"Houston, Texas",7/31/1985,1130310,
92,Cerner,CERN,reports,Health Care,Health Care Technology,"North Kansas City, Missouri",4/30/2010,804753,
93,CF Industries Holdings Inc,CF,reports,Materials,Fertilizers & Agricultural Chemicals,"Deerfield, Illinois",8/27/2008,1324404,
94,Charles Schwab Corporation,SCHW,reports,Financials,Investment Banking & Brokerage,"San Francisco, California",6/2/1997,316709,
95,Charter Communications,CHTR,reports,Communication Services,Cable & Satellite,"Stamford, Connecticut",9/8/2016,1091667,
96,Chevron Corp.,CVX,reports,Energy,Integrated Oil & Gas,"San Ramon, California",,93410,
97,Chipotle Mexican Grill,CMG,reports,Consumer Discretionary,Restaurants,"Denver, Colorado",4/28/2011,1058090,
98,Chubb Limited,CB,reports,Financials,Property & Casualty Insurance,"Zurich, Switzerland",7/15/2010,896159,1879
99,Church & Dwight,CHD,reports,Consumer Staples,Household Products,"Ewing, New Jersey",12/29/2015,313927,
100,CIGNA Corp.,CI,reports,Health Care,Managed Health Care,"Bloomfield, Connecticut",6/30/1976,701221,
101,Cincinnati Financial,CINF,reports,Financials,Property & Casualty Insurance,"Fairfield, Ohio",12/18/1997,20286,
102,Cintas Corporation,CTAS,reports,Industrials,Diversified Support Services,"Mason, Ohio",3/1/2001,723254,
103,Cisco Systems,CSCO,reports,Information Technology,Communications Equipment,"San Jose, California",12/1/1993,858877,
104,Citigroup Inc.,C,reports,Financials,Diversified Banks,"New York, New York",5/31/1988,831001,
105,Citizens Financial Group,CFG,reports,Financials,Regional Banks,"Providence, Rhode Island",1/29/2016,759944,
106,Citrix Systems,CTXS,reports,Information Technology,Internet Software & Services,"Fort Lauderdale, Florida",12/1/1999,877890,
107,The Clorox Company,CLX,reports,Consumer Staples,Household Products,"Oakland, California",3/31/1969,21076,
108,CME Group Inc.,CME,reports,Financials,Financial Exchanges & Data,"Chicago, Illinois",8/11/2006,1156375,
109,CMS Energy,CMS,reports,Utilities,Multi-Utilities,"Jackson, Michigan",5/3/1999,811156,
110,Coca-Cola Company (The),KO,reports,Consumer Staples,Soft Drinks,"Atlanta, Georgia",,21344,1913
111,Cognizant Technology Solutions,CTSH,reports,Information Technology,IT Consulting & Other Services,"Teaneck, New Jersey",11/17/2006,1058290,
112,Colgate-Palmolive,CL,reports,Consumer Staples,Household Products,"New York, New York",,21665,
113,Comcast Corp.,CMCSA,reports,Communication Services,Cable & Satellite,"Philadelphia, Pennsylvania",9/18/2015,1166691,1886
114,Comerica Inc.,CMA,reports,Financials,Diversified Banks,"Dallas, Texas",12/1/1995,28412,
115,Conagra Brands,CAG,reports,Consumer Staples,Packaged Foods & Meats,"Chicago, Illinois",8/31/1983,23217,1806
116,ConocoPhillips,COP,reports,Energy,Oil & Gas Exploration & Production,"Houston, Texas",,1163165,
117,Consolidated Edison,ED,reports,Utilities,Electric Utilities,"New York, New York",,1047862,
118,Constellation Brands,STZ,reports,Consumer Staples,Distillers & Vintners,"Victor, New York",7/5/2005,16918,
119,The Cooper Companies,COO,reports,Health Care,Health Care Supplies,"Pleasanton, California",9/23/2016,711404,2002
120,Copart Inc,CPRT,reports,Industrials,Diversified Support Services,"Dallas, Texas",7/2/2018,900075,1823
121,Corning Inc.,GLW,reports,Information Technology,Electronic Components,"Corning, New York",,24741,
122,Costco Wholesale Corp.,COST,reports,Consumer Staples,Hypermarkets & Super Centers,"Issaquah, Washington",10/1/1993,909832,
123,"Coty, Inc",COTY,reports,Consumer Staples,Personal Products,"New York, New York",10/3/2016,1024305,
124,Crown Castle International Corp.,CCI,reports,Real Estate,Specialized REITs,"Houston, Texas",3/14/2012,1051470,1851
125,CSX Corp.,CSX,reports,Industrials,Railroads,"Jacksonville, Florida",9/30/1967,277948,
126,Cummins Inc.,CMI,reports,Industrials,Industrial Machinery,"Columbus, Indiana",3/31/1965,26172,
127,CVS Health,CVS,reports,Health Care,Health Care Services,"Woonsocket, Rhode Island",,64803,
128,D. R. Horton,DHI,reports,Consumer Discretionary,Homebuilding,"Fort Worth, Texas",,882184,1980
129,Danaher Corp.,DHR,reports,Health Care,Health Care Equipment,"Washington, D.C.",,313616,1919
130,Darden Restaurants,DRI,reports,Consumer Discretionary,Restaurants,"Orlando, Florida",,940944,1996
131,DaVita Inc.,DVA,reports,Health Care,Health Care Facilities,"Denver, Colorado",7/31/2008,927066,1978
132,Deere & Co.,DE,reports,Industrials,Agricultural & Farm Machinery,"Moline, Illinois",,315189,1969
133,Delta Air Lines Inc.,DAL,reports,Industrials,Airlines,"Atlanta, Georgia",9/11/2013,27904,1938
134,Dentsply Sirona,XRAY,reports,Health Care,Health Care Supplies,"York, Pennsylvania",11/14/2008,818479,
135,Devon Energy Corp.,DVN,reports,Energy,Oil & Gas Exploration & Production,"Oklahoma City, Oklahoma",8/30/2000,1090012,1837
136,Diamondback Energy Inc,FANG,reports,Energy,Oil & Gas Exploration & Production,"Midland, Texas",12/3/2018,1539838,
137,Digital Realty Trust Inc,DLR,reports,Real Estate,Specialized REITs,"San Francisco, California",5/18/2016,1297996,
138,Discover Financial Services,DFS,reports,Financials,Consumer Finance,"Riverwoods, Illinois",7/2/2007,1393612,
139,Discovery Inc. Class A,DISCA,reports,Communication Services,Broadcasting,"Silver Spring, Maryland",3/1/2010,1437107,2007
140,Discovery Inc. Class C,DISCK,reports,Communication Services,Broadcasting,"Silver Spring, Maryland",8/7/2014,1437107,
141,Dish Network,DISH,reports,Communication Services,Cable & Satellite,"Meridian, Colorado",3/13/2017,1001082,
142,Dollar General,DG,reports,Consumer Discretionary,General Merchandise Stores,"Goodlettsville, Tennessee",12/3/2012,29534,
143,Dollar Tree,DLTR,reports,Consumer Discretionary,General Merchandise Stores,"Chesapeake, Virginia",12/19/2011,935703,
144,Dominion Energy,D,reports,Utilities,Electric Utilities,"Richmond, Virginia",,715957,
145,Dover Corp.,DOV,reports,Industrials,Industrial Machinery,"Downers Grove, Illinois",10/31/1985,29905,
146,DTE Energy Co.,DTE,reports,Utilities,Multi-Utilities,"Detroit, Michigan",,936340,1983
147,Duke Realty Corp,DRE,reports,Real Estate,Industrial REITs,"Indianapolis, Indiana",7/26/2017,783280,
148,Duke Energy,DUK,reports,Utilities,Electric Utilities,"Charlotte, North Carolina",6/30/1976,1326160,2017
149,Eastman Chemical,EMN,reports,Materials,Diversified Chemicals,"Kingsport, Tennessee",1/1/1994,915389,
150,Eaton Corporation,ETN,reports,Industrials,Electrical Components & Equipment,"Dublin, Ireland",,1551182,
151,eBay Inc.,EBAY,reports,Consumer Discretionary,Internet & Direct Marketing Retail,"San Jose, California",,1065088,
152,Ecolab Inc.,ECL,reports,Materials,Specialty Chemicals,"St. Paul, Minnesota",1/31/1989,31462,
153,Edison Int'l,EIX,reports,Utilities,Electric Utilities,"Rosemead, California",,827052,1911
154,Edwards Lifesciences,EW,reports,Health Care,Health Care Equipment,"Irvine, California",4/1/2011,1099800,1995
155,Electronic Arts,EA,reports,Communication Services,Interactive Home Entertainment,"Redwood City, California",7/22/2002,712515,
156,Emerson Electric Company,EMR,reports,Industrials,Electrical Components & Equipment,"Ferguson, Missouri",3/31/1965,32604,1886
157,Entergy Corp.,ETR,reports,Utilities,Electric Utilities,"New Orleans, Louisiana",,65984,
158,EOG Resources,EOG,reports,Energy,Oil & Gas Exploration & Production,"Houston, Texas",11/2/2000,821189,
159,Equifax Inc.,EFX,reports,Industrials,Research & Consulting Services,"Atlanta, Georgia",6/19/1997,33185,1890
160,Equinix,EQIX,reports,Real Estate,Specialized REITs,"Redwood City, California",3/20/2015,1101239,1913
161,Equity Residential,EQR,reports,Real Estate,Residential REITs,"Chicago, Illinois",12/3/2001,906107,
162,"Essex Property Trust, Inc.",ESS,reports,Real Estate,Residential REITs,"Palo Alto, California",4/2/2014,920522,
163,Estee Lauder Cos.,EL,reports,Consumer Staples,Personal Products,"New York, New York",1/5/2006,1001250,
164,Evergy,EVRG,reports,Utilities,Electric Utilities,"Kansas City, Missouri",6/5/2018,1711269,
165,Eversource Energy,ES,reports,Utilities,Multi-Utilities,"Springfield, Massachusetts",,72741,
166,Everest Re Group Ltd.,RE,reports,Financials,Reinsurance,"Hamilton, Bermuda",6/19/2017,1095073,
167,Exelon Corp.,EXC,reports,Utilities,Multi-Utilities,"Chicago, Illinois",,1109357,1909
168,Expedia Group,EXPE,reports,Consumer Discretionary,Internet & Direct Marketing Retail,"Bellevue, Washington",10/2/2007,1324424,1966
169,Expeditors,EXPD,reports,Industrials,Air Freight & Logistics,"Seattle, Washington",10/10/2007,746515,
170,Extra Space Storage,EXR,reports,Real Estate,Specialized REITs,"Salt Lake City, Utah",1/19/2016,1289490,2000
171,Exxon Mobil Corp.,XOM,reports,Energy,Integrated Oil & Gas,"Irving, Texas",,34088,
172,F5 Networks,FFIV,reports,Information Technology,Communications Equipment,"Seattle, Washington",12/20/2010,1048695,
173,"Facebook, Inc.",FB,reports,Communication Services,Interactive Media & Services,"Menlo Park, California",12/23/2013,1326801,
174,Fastenal Co,FAST,reports,Industrials,Building Products,"Winona, Minnesota",9/15/2009,815556,1999
175,Federal Realty Investment Trust,FRT,reports,Real Estate,Retail REITs,"Rockville, Maryland",2/1/2016,34903,1996
176,FedEx Corporation,FDX,reports,Industrials,Air Freight & Logistics,"Memphis, Tennessee",12/31/1980,1048911,
177,Fidelity National Information Services,FIS,reports,Information Technology,Internet Software & Services,"Jacksonville, Florida",11/10/2006,1136893,
178,Fifth Third Bancorp,FITB,reports,Financials,Regional Banks,"Cincinnati, Ohio",,35527,
179,FirstEnergy Corp,FE,reports,Utilities,Electric Utilities,"Akron, Ohio",,1031296,
180,First Republic Bank,FRC,reports,Financials,Regional Banks,"San Francisco, California",1/2/2019,1132979,
181,Fiserv Inc,FISV,reports,Information Technology,Internet Software & Services,"Brookfield, Wisconsin",4/2/2001,798354,1858
182,FleetCor Technologies Inc,FLT,reports,Information Technology,Data Processing & Outsources Services,"Norcross, Georgia",6/20/2018,1175454,1997
183,Flowserve Corporation,FLS,reports,Industrials,Industrial Machinery,"Irving, Texas",10/2/2008,30625,
184,Fluor Corp.,FLR,reports,Industrials,Construction & Engineering,"Irving, Texas",3/31/1980,1124198,2000
185,FMC Corporation,FMC,reports,Materials,Fertilizers & Agricultural Chemicals,"Philadelphia, Pennsylvania",8/19/2009,37785,
186,Foot Locker Inc,FL,reports,Consumer Discretionary,Apparel Retail,"New York, New York",4/4/2016,850209,
187,Ford Motor,F,reports,Consumer Discretionary,Automobile Manufacturers,"Dearborn, Michigan",,37996,
188,Fortinet,FTNT,reports,Information Technology,Systems Software,"Sunnyvale, California",10/11/2018,1262039,
189,Fortune Brands Home & Security,FBHS,reports,Industrials,Building Products,"Deerfield, Illinois",6/22/2016,1519751,1903
190,Franklin Resources,BEN,reports,Financials,Asset Management & Custody Banks,"San Mateo, California",,38777,2000
191,Freeport-McMoRan Inc.,FCX,reports,Materials,Copper,"Phoenix, Arizona",,831259,
192,Gap Inc.,GPS,reports,Consumer Discretionary,Apparel Retail,"San Francisco, California",8/31/1986,39911,
193,Garmin Ltd.,GRMN,reports,Consumer Discretionary,Consumer Electronics,"Schaffhausen, Switzerland",12/12/2012,1121788,1947
194,Gartner Inc,IT,reports,Information Technology,IT Consulting & Other Services,"Stamford, Connecticut",4/5/2017,749251,1912
195,General Dynamics,GD,reports,Industrials,Aerospace & Defense,"Falls Church, Virginia",,40533,
196,General Electric,GE,reports,Industrials,Industrial Conglomerates,"Boston, Massachusetts",,40545,
197,General Mills,GIS,reports,Consumer Staples,Packaged Foods & Meats,"Golden Valley, Minnesota",3/31/1969,40704,
198,General Motors,GM,reports,Consumer Discretionary,Automobile Manufacturers,"Detroit, Michigan",6/6/2013,1467858,1899
199,Genuine Parts,GPC,reports,Consumer Discretionary,Specialty Stores,"Atlanta, Georgia",12/31/1973,40987,1892
200,Gilead Sciences,GILD,reports,Health Care,Biotechnology,"Foster City, California",7/1/2004,882095,1856
201,Global Payments Inc.,GPN,reports,Information Technology,Data Processing & Outsourced Services,"Atlanta, Georgia",4/25/2016,1123360,
202,Goldman Sachs Group,GS,reports,Financials,Investment Banking & Brokerage,"New York, New York",7/22/2002,886982,1925
203,Goodyear Tire & Rubber,GT,reports,Consumer Discretionary,Tires & Rubber,"Akron, Ohio",,42582,
204,Grainger (W.W.) Inc.,GWW,reports,Industrials,Industrial Machinery,"Lake Forest, Illinois",6/30/1981,277135,
205,Halliburton Co.,HAL,reports,Energy,Oil & Gas Equipment & Services,"Houston, Texas",,45012,
206,Hanesbrands Inc,HBI,reports,Consumer Discretionary,"Apparel, Accessories & Luxury Goods","Winston-Salem, North Carolina",3/20/2015,1359841,1898
207,Harley-Davidson,HOG,reports,Consumer Discretionary,Motorcycle Manufacturers,"Milwaukee, Wisconsin",,793952,
208,Hartford Financial Svc.Gp.,HIG,reports,Financials,Property & Casualty Insurance,"Hartford, Connecticut",,874766,
209,Hasbro Inc.,HAS,reports,Consumer Discretionary,Leisure Products,"Pawtucket, Rhode Island",9/30/1984,46080,1903
210,HCA Holdings,HCA,reports,Health Care,Health Care Facilities,"Nashville, Tennessee",1/27/2015,860730,
211,Helmerich & Payne,HP,reports,Energy,Oil & Gas Drilling,"Tulsa, Oklahoma[7]",3/1/2010,46765,
212,Henry Schein,HSIC,reports,Health Care,Health Care Distributors,"Melville, New York",3/17/2015,1000228,
213,The Hershey Company,HSY,reports,Consumer Staples,Packaged Foods & Meats,"Hershey, Pennsylvania",,47111,
214,Hess Corporation,HES,reports,Energy,Integrated Oil & Gas,"New York, New York",5/31/1984,4447,
215,Hilton Worldwide Holdings Inc,HLT,reports,Consumer Discretionary,"Hotels, Resorts & Cruise Lines","Tysons Corner, Virginia",6/19/2017,1585689,1894
216,Hologic,HOLX,reports,Health Care,Health Care Equipment,"Marlborough, Massachusetts",3/30/2016,859737,
217,Home Depot,HD,reports,Consumer Discretionary,Home Improvement Retail,"Atlanta, Georgia",3/31/1988,354950,
218,Honeywell Int'l Inc.,HON,reports,Industrials,Industrial Conglomerates,"Morristown, New Jersey",3/31/1964,773840,
219,Hormel Foods Corp.,HRL,reports,Consumer Staples,Packaged Foods & Meats,"Austin, Minnesota",3/4/2009,48465,
220,Host Hotels & Resorts,HST,reports,Real Estate,Hotel & Resort REITs,"Bethesda, Maryland",3/20/2007,1070750,
221,HP Inc.,HPQ,reports,Information Technology,"Technology Hardware, Storage & Peripherals","Palo Alto, California",12/31/1974,47217,1906
222,Humana Inc.,HUM,reports,Health Care,Managed Health Care,"Louisville, Kentucky",,49071,
223,Huntington Bancshares,HBAN,reports,Financials,Regional Banks,"Columbus, Ohio",,49196,
224,Huntington Ingalls Industries,HII,reports,Industrials,Aerospace & Defense,"Newport News, Virginia",1/3/2018,1501585,1939 (2015)
225,IDEXX Laboratories,IDXX,reports,Health Care,Health Care Equipment,"Westbrook, Maine",1/5/2017,874716,1961
226,IHS Markit Ltd.,INFO,reports,Industrials,Research & Consulting Services,"London, United Kingdom",6/2/2017,1598014,1866
227,Illinois Tool Works,ITW,reports,Industrials,Industrial Machinery,"Glenview, Illinois",2/28/1986,49826,
228,Illumina Inc,ILMN,reports,Health Care,Life Sciences Tools & Services,"San Diego, California",11/19/2015,1110803,
229,Intel Corp.,INTC,reports,Information Technology,Semiconductors,"Santa Clara, California",12/31/1976,50863,
230,Intercontinental Exchange,ICE,reports,Financials,Financial Exchanges & Data,"Atlanta, Georgia",9/26/2007,1571949,
231,International Business Machines,IBM,reports,Information Technology,IT Consulting & Other Services,"Armonk, New York",,51143,
232,Incyte,INCY,reports,Health Care,Biotechnology,"Wilmington, Delaware",2/28/2017,879169,
233,International Paper,IP,reports,Materials,Paper Packaging,"Memphis, Tennessee",,51434,
234,Interpublic Group,IPG,reports,Communication Services,Advertising,"New York, New York",10/1/1992,51644,1911
235,Intl Flavors & Fragrances,IFF,reports,Materials,Specialty Chemicals,"New York, New York",3/31/1976,51253,
236,Intuit Inc.,INTU,reports,Information Technology,Internet Software & Services,"Mountain View, California",12/5/2000,896878,1898
237,Intuitive Surgical Inc.,ISRG,reports,Health Care,Health Care Equipment,"Sunnyvale, California",6/2/2008,1035267,
238,Invesco Ltd.,IVZ,reports,Financials,Asset Management & Custody Banks,"Atlanta, Georgia",8/21/2008,914208,
239,IPG Photonics Corp.,IPGP,reports,Information Technology,Electronic Manufacturing Services,"Oxford, Massachusetts",3/7/2018,1111928,
240,IQVIA Holdings Inc.,IQV,reports,Health Care,Life Sciences Tools & Service,"Durham, North Carolina",8/29/2017,1478242,
241,Iron Mountain Incorporated,IRM,reports,Real Estate,Specialized REITs,"Boston, Massachusetts",1/6/2009,1020569,
242,Jack Henry & Associates Inc,JKHY,reports,Information Technology,Data Processing & Outsourced Services,"Monett, Missouri",11/13/2018,1262439,
243,J. B. Hunt Transport Services,JBHT,reports,Industrials,Trucking,"Lowell, Arkansas",7/1/2015,728535,
244,Jefferies Financial Group,JEF,reports,Financials,Multi-Sector Holdings,"New York, New York",8/27/2007,96223,
245,JM Smucker,SJM,reports,Consumer Staples,Packaged Foods & Meats,"Orrville, Ohio",11/6/2008,91419,
246,Johnson & Johnson,JNJ,reports,Health Care,Health Care Equipment,"New Brunswick, New Jersey",6/30/1973,200406,
247,Johnson Controls International,JCI,reports,Industrials,Building Products,"Cork, Ireland",8/27/2010,833444,
248,JPMorgan Chase & Co.,JPM,reports,Financials,Diversified Banks,"New York, New York",6/30/1975,19617,
249,Juniper Networks,JNPR,reports,Information Technology,Communications Equipment,"Sunnyvale, California",,1043604,1886
250,Kellogg Co.,K,reports,Consumer Staples,Packaged Foods & Meats,"Battle Creek, Michigan",,55067,
251,KeyCorp,KEY,reports,Financials,Regional Banks,"Cleveland, Ohio",3/1/1994,91576,1996
252,Keysight Technologies,KEYS,reports,Information Technology,Electronic Equipment & Instruments,"Santa Rosa, California",11/6/2018,1601046,
253,Kimberly-Clark,KMB,reports,Consumer Staples,Household Products,"Irving, Texas",,55785,1906
254,Kimco Realty,KIM,reports,Real Estate,Retail REITs,"New Hyde Park, New York",4/4/2006,879101,
255,Kinder Morgan,KMI,reports,Energy,Oil & Gas Storage & Transportation,"Houston, Texas",5/25/2012,1506307,2014
256,KLA-Tencor Corp.,KLAC,reports,Information Technology,Semiconductor Equipment,"Milpitas, California",,319201,1872
257,Kohl's Corp.,KSS,reports,Consumer Discretionary,General Merchandise Stores,"Menomonee Falls, Wisconsin",,885639,
258,Kroger Co.,KR,reports,Consumer Staples,Food Retail,"Cincinnati, Ohio",,56873,1975/1977 (1997)
259,L-3 Communications Holdings,LLL,reports,Industrials,Aerospace & Defense,"New York, New York",,1056239,
260,Laboratory Corp. of America Holding,LH,reports,Health Care,Health Care Services,"Burlington, North Carolina",11/1/2004,920148,1883
261,Lam Research,LRCX,reports,Information Technology,Semiconductor Equipment,"Fremont, California",6/29/2012,707549,
262,Leggett & Platt,LEG,reports,Consumer Discretionary,Home Furnishings,"Carthage, Missouri",,58492,
263,Lennar Corp.,LEN,reports,Consumer Discretionary,Homebuilding,"Miami, Florida",10/4/2005,920760,
264,Lilly (Eli) & Co.,LLY,reports,Health Care,Pharmaceuticals,"Indianapolis, Indiana",12/31/1970,59478,
265,Lincoln National,LNC,reports,Financials,Multi-line Insurance,"Radnor, Pennsylvania",6/30/1976,59558,1883
266,Linde plc,LIN,reports,Materials,Industrial Gases,"Guildford, Surrey, United Kingdom",7/1/1992,1707925,
267,LKQ Corporation,LKQ,reports,Consumer Discretionary,Distributors,"Chicago, Illinois",5/23/2016,1065696,1876
268,Lockheed Martin Corp.,LMT,reports,Industrials,Aerospace & Defense,"Bethesda, Maryland",7/31/1984,936468,
269,Loews Corp.,L,reports,Financials,Multi-line Insurance,"New York, New York",,60086,
270,Lowe's Cos.,LOW,reports,Consumer Discretionary,Home Improvement Retail,"Mooresville, North Carolina",2/29/1984,60667,
271,LyondellBasell,LYB,reports,Materials,Specialty Chemicals,"Rotterdam, Netherlands",9/5/2012,1489393,
272,M&T Bank Corp.,MTB,reports,Financials,Regional Banks,"Buffalo, New York",,36270,
273,Macerich,MAC,reports,Real Estate,Retail REITs,"Santa Monica, California",5/9/2013,912242,1904/1946/1959
274,Macy's Inc.,M,reports,Consumer Discretionary,Department Stores,"Cincinnati, Ohio",,794367,
275,Marathon Oil Corp.,MRO,reports,Energy,Oil & Gas Exploration & Production,"Houston, Texas",5/1/1991,101778,1856
276,Marathon Petroleum,MPC,reports,Energy,Oil & Gas Refining & Marketing,"Findlay, Ohio",7/1/2011,1510295,
277,Marriott Int'l.,MAR,reports,Consumer Discretionary,"Hotels, Resorts & Cruise Lines","Bethesda, Maryland",,1048286,1929
278,Marsh & McLennan,MMC,reports,Financials,Insurance Brokers,"New York, New York",8/31/1987,62709,
279,Martin Marietta Materials,MLM,reports,Materials,Construction Materials,"Raleigh, North Carolina",7/2/2014,916076,
280,Masco Corp.,MAS,reports,Industrials,Building Products,"Taylor, Michigan",6/30/1981,62996,1927
281,Mastercard Inc.,MA,reports,Information Technology,Internet Software & Services,"Harrison, New York",7/18/2008,1141391,
282,Mattel Inc.,MAT,reports,Consumer Discretionary,Leisure Products,"El Segundo, California",3/31/1982,63276,
283,McCormick & Co.,MKC,reports,Consumer Staples,Packaged Foods & Meats,"Sparks, Maryland",,63754,
284,McDonald's Corp.,MCD,reports,Consumer Discretionary,Restaurants,"Chicago, Illinois",6/30/1970,63908,
285,McKesson Corp.,MCK,reports,Health Care,Health Care Distributors,"San Francisco, California",,927653,
286,Medtronic plc,MDT,reports,Health Care,Health Care Equipment,"Dublin, Ireland",10/31/1986,64670,1889
287,Merck & Co.,MRK,reports,Health Care,Pharmaceuticals,"Whitehouse Station, New Jersey",,310158,1983
288,MetLife Inc.,MET,reports,Financials,Life & Health Insurance,"New York, New York",,1099219,1940
289,Mettler Toledo,MTD,reports,Health Care,Life Sciences Tools & Services,"Columbus, Ohio",9/6/2016,1037646,1833
290,MGM Resorts International,MGM,reports,Consumer Discretionary,Casinos & Gaming,"Paradise, Nevada",7/26/2017,789570,
291,Microchip Technology,MCHP,reports,Information Technology,Semiconductors,"Chandler, Arizona",9/7/2007,827054,1891
292,Micron Technology,MU,reports,Information Technology,Semiconductors,"Boise, Idaho",9/27/1994,723125,1868
293,Microsoft Corp.,MSFT,reports,Information Technology,Systems Software,"Redmond, Washington",6/1/1994,789019,
294,Mid-America Apartments,MAA,reports,Real Estate,Residential REITs,"Memphis, Tennessee",12/2/2016,912595,
295,Mohawk Industries,MHK,reports,Consumer Discretionary,Home Furnishings,"Amsterdam, New York",12/23/2013,851968,
296,Molson Coors Brewing Company,TAP,reports,Consumer Staples,Brewers,"Denver, Colorado",6/30/1976,24545,
297,Mondelez International,MDLZ,reports,Consumer Staples,Packaged Foods & Meats,"Northfield, Illinois",10/2/2012,1103982,1975
298,Monster Beverage,MNST,reports,Consumer Staples,Soft Drinks,"Corona, California",6/28/2012,865752,
299,Moody's Corp,MCO,reports,Financials,Financial Exchanges & Data,"New York, New York",,1059556,
300,Morgan Stanley,MS,reports,Financials,Investment Banking & Brokerage,"New York, New York",,895421,
301,Motorola Solutions Inc.,MSI,reports,Information Technology,Communications Equipment,"Schaumburg, Illinois",,68505,
302,MSCI Inc,MSCI,reports,Financials,Financial Exchanges & Data,"New York, New York",4/4/2018,1408198,1909
303,"Nasdaq, Inc.",NDAQ,reports,Financials,Financial Exchanges & Data,"New York, New York",10/22/2008,1120193,
304,National Oilwell Varco Inc.,NOV,reports,Energy,Oil & Gas Equipment & Services,"Houston, Texas",3/14/2005,1021860,1928 (2011)
305,Nektar Therapeutics,NKTR,reports,Health Care,Pharmaceuticals,"San Francisco, California",3/19/2018,906709,
306,NetApp,NTAP,reports,Information Technology,Internet Software & Services,"Sunnyvale, California",6/25/1999,1002047,
307,Netflix Inc.,NFLX,reports,Communication Services,Movies & Entertainment,"Los Gatos, California",12/20/2010,1065280,
308,Newell Brands,NWL,reports,Consumer Discretionary,Housewares & Specialties,"Sandy Springs, Georgia",4/30/1989,814453,
309,News Corp. Class A,NWSA,reports,Communication Services,Publishing,"New York, New York",8/1/2013,1564708,
310,News Corp. Class B,NWS,reports,Communication Services,Publishing,"New York, New York",9/18/2015,1564708,1997
311,NextEra Energy,NEE,reports,Utilities,Multi-Utilities,"Juno Beach, Florida",6/30/1976,753308,
312,Nielsen Holdings,NLSN,reports,Industrials,Research & Consulting Services,"New York, New York",7/9/2013,1492633,
313,Nike,NKE,reports,Consumer Discretionary,"Apparel, Accessories & Luxury Goods","Washington County, Oregon",11/30/1988,320187,1921
314,NiSource Inc.,NI,reports,Utilities,Multi-Utilities,"Merrillville, Indiana",,1111711,
315,Nordstrom,JWN,reports,Consumer Discretionary,Department Stores,"Seattle, Washington",8/31/1986,72333,
316,Norfolk Southern Corp.,NSC,reports,Industrials,Railroads,"Norfolk, Virginia",,702165,
317,Northern Trust Corp.,NTRS,reports,Financials,Asset Management & Custody Banks,"Chicago, Illinois",,73124,
318,Northrop Grumman Corp.,NOC,reports,Industrials,Aerospace & Defense,"West Falls Church, Virginia",6/30/1985,1133421,1912
319,Norwegian Cruise Line,NCLH,reports,Consumer Discretionary,"Hotels, Resorts & Cruise Lines","Miami, Florida",10/13/2017,1513761,
320,NRG Energy,NRG,reports,Utilities,Independent Power Producers & Energy Traders,"Princeton, New Jersey",1/29/2010,1013871,
321,Nucor Corp.,NUE,reports,Materials,Steel,"Charlotte, North Carolina",4/30/1985,73309,1881/1894 (1980)
322,Nvidia Corporation,NVDA,reports,Information Technology,Semiconductors,"Santa Clara, California",11/30/2001,1045810,1889
323,O'Reilly Automotive,ORLY,reports,Consumer Discretionary,Specialty Stores,"Springfield, Missouri",3/27/2009,898173,
324,Occidental Petroleum,OXY,reports,Energy,Oil & Gas Exploration & Production,"Los Angeles, California",12/31/1982,797468,
325,Omnicom Group,OMC,reports,Communication Services,Advertising,"New York, New York",,29989,
326,ONEOK,OKE,reports,Energy,Oil & Gas Storage & Transportation,"Tulsa, Oklahoma",3/15/2010,1039684,
327,Oracle Corp.,ORCL,reports,Information Technology,Application Software,"Redwood Shores, California",8/31/1989,1341439,
328,PACCAR Inc.,PCAR,reports,Industrials,Construction Machinery & Heavy Trucks,"Bellevue, Washington",12/31/1980,75362,
329,Packaging Corporation of America,PKG,reports,Materials,Paper Packaging,"Lake Forest, Illinois",7/26/2017,75677,
330,Parker-Hannifin,PH,reports,Industrials,Industrial Machinery,"Cleveland, Ohio",11/30/1985,76334,1986
331,Paychex Inc.,PAYX,reports,Information Technology,Internet Software & Services,"Penfield, New York",,723531,
332,Pentair plc,PNR,reports,Industrials,Industrial Machinery,"Worsley, UK",10/1/2012,77360,
333,People's United Financial,PBCT,reports,Financials,Thrifts & Mortgage Finance,"Bridgeport, Connecticut",11/13/2008,1378946,
334,PepsiCo Inc.,PEP,reports,Consumer Staples,Soft Drinks,"Purchase, New York",,77476,
335,PerkinElmer,PKI,reports,Health Care,Health Care Equipment,"Waltham, Massachusetts",5/31/1985,31791,1971
336,Perrigo,PRGO,reports,Health Care,Pharmaceuticals,"Dublin, Ireland",12/19/2011,1585364,
337,Pfizer Inc.,PFE,reports,Health Care,Pharmaceuticals,"New York, New York",,78003,
338,Philip Morris International,PM,reports,Consumer Staples,Tobacco,"New York, New York",3/31/2008,1413329,
339,Phillips 66,PSX,reports,Energy,Oil & Gas Refining & Marketing,"Houston, Texas",5/1/2012,1534701,1898
340,Pinnacle West Capital,PNW,reports,Utilities,Multi-Utilities,"Phoenix, Arizona",,764622,
341,Pioneer Natural Resources,PXD,reports,Energy,Oil & Gas Exploration & Production,"Irving, Texas",9/24/2008,1038357,
342,PNC Financial Services,PNC,reports,Financials,Regional Banks,"Pittsburgh, Pennsylvania",4/30/1988,713676,1849
343,Polo Ralph Lauren Corp.,RL,reports,Consumer Discretionary,"Apparel, Accessories & Luxury Goods","New York, New York",2/2/2007,1037038,
344,PPG Industries,PPG,reports,Materials,Specialty Chemicals,"Pittsburgh, Pennsylvania",,79879,
345,PPL Corp.,PPL,reports,Utilities,Electric Utilities,"Allentown, Pennsylvania",,922224,1985
346,Principal Financial Group,PFG,reports,Financials,Life & Health Insurance,"Des Moines, Iowa",7/22/2002,1126328,
347,Procter & Gamble,PG,reports,Consumer Staples,Personal Products,"Cincinnati, Ohio",,80424,
348,Progressive Corp.,PGR,reports,Financials,Property & Casualty Insurance,"Mayfield Village, Ohio",8/4/1997,80661,
349,Prologis,PLD,reports,Real Estate,Industrial REITs,"San Francisco, California",7/17/2003,1045609,1883
350,Prudential Financial,PRU,reports,Financials,Life & Health Insurance,"Newark, New Jersey",7/22/2002,1137774,
351,Public Serv. Enterprise Inc.,PEG,reports,Utilities,Electric Utilities,"Newark, New Jersey",,788784,
352,Public Storage,PSA,reports,Real Estate,Specialized REITs,"Glendale, California",8/19/2005,1393311,1837
353,Pulte Homes Inc.,PHM,reports,Consumer Discretionary,Homebuilding,"Atlanta, Georgia",4/30/1984,822416,
354,PVH Corp.,PVH,reports,Consumer Discretionary,"Apparel, Accessories & Luxury Goods","New York, New York",2/15/2013,78239,
355,Qorvo,QRVO,reports,Information Technology,Semiconductors,"Greensboro, North Carolina",6/11/2015,1604778,
356,Quanta Services Inc.,PWR,reports,Industrials,Construction & Engineering,"Houston, Texas",7/1/2009,1050915,
357,QUALCOMM Inc.,QCOM,reports,Information Technology,Semiconductors,"San Diego, California",,804328,
358,Quest Diagnostics,DGX,reports,Health Care,Health Care Services,"Madison, New Jersey",12/12/2002,1022079,
359,Raymond James Financial Inc.,RJF,reports,Financials,Investment Banking & Brokerage,"St. Petersburg, Florida",3/20/2017,720005,
360,Realty Income Corporation,O,reports,Real Estate,Retail REITs,"San Diego, California",4/7/2015,726728,
361,Regency Centers Corporation,REG,reports,Real Estate,Retail REITs,"Jacksonville, Florida",3/2/2017,910606,1985
362,Regeneron,REGN,reports,Health Care,Biotechnology,"Tarrytown, New York",5/1/2013,872589,
363,Regions Financial Corp.,RF,reports,Financials,Regional Banks,"Birmingham, Alabama",8/28/1998,1281761,1922
364,Republic Services Inc,RSG,reports,Industrials,Environmental & Facilities Services,"Phoenix, Arizona",12/5/2008,1060391,
365,ResMed,RMD,reports,Health Care,Health Care Equipment,"San Diego, California",7/26/2017,943819,
366,Robert Half International,RHI,reports,Industrials,Human Resource & Employment Services,"Menlo Park, California",12/5/2000,315213,
367,Rockwell Automation Inc.,ROK,reports,Industrials,Electrical Components & Equipment,"Milwaukee, Wisconsin",,1024478,
368,Rollins Inc.,ROL,reports,Industrials,Environmental & Facilities Services,"Atlanta, Georgia",10/1/2018,84839,
369,Roper Technologies,ROP,reports,Industrials,Industrial Conglomerates,"Sarasota, Florida",12/23/2009,882835,
370,Ross Stores,ROST,reports,Consumer Discretionary,Apparel Retail,"Pleasanton, California",12/21/2009,745732,
371,Royal Caribbean Cruises Ltd,RCL,reports,Consumer Discretionary,"Hotels, Resorts & Cruise Lines","Miami, Florida",12/5/2014,884887,
372,Salesforce.com,CRM,reports,Information Technology,Internet Software & Services,"San Francisco, California",9/15/2008,1108524,
373,SBA Communications,SBAC,reports,Real Estate,Specialized REITs,"Boca Raton, Florida",9/1/2017,1034054,
374,Schlumberger Ltd.,SLB,reports,Energy,Oil & Gas Equipment & Services,"Curaçao, Kingdom of the Netherlands",3/31/1965,87347,
375,Seagate Technology,STX,reports,Information Technology,"Technology Hardware, Storage & Peripherals","Dublin, Ireland",7/2/2012,1137789,
376,Sealed Air,SEE,reports,Materials,Paper Packaging,"Elmwood Park, New Jersey",,1012100,
377,Sempra Energy,SRE,reports,Utilities,Multi-Utilities,"San Diego, California",,1032208,
378,Sherwin-Williams,SHW,reports,Materials,Specialty Chemicals,"Cleveland, Ohio",6/30/1964,89800,
379,Simon Property Group Inc,SPG,reports,Real Estate,Retail REITs,"Indianapolis, Indiana",6/26/2002,1063761,1926
380,Skyworks Solutions,SWKS,reports,Information Technology,Semiconductors,"Woburn, Massachusetts",3/12/2015,4127,
381,SL Green Realty,SLG,reports,Real Estate,Office REITs,"New York, New York",3/20/2015,1040971,
382,Snap-on,SNA,reports,Industrials,Industrial Machinery,"Kenosha, Wisconsin",9/30/1982,91440,
383,Southern Co.,SO,reports,Utilities,Electric Utilities,"Atlanta, Georgia",,92122,1866
384,Southwest Airlines,LUV,reports,Industrials,Airlines,"Dallas, Texas",7/1/1994,92380,
385,"S&P Global, Inc.",SPGI,reports,Financials,Financial Exchanges & Data,"New York, New York",,64040,
386,Stanley Black & Decker,SWK,reports,Industrials,Industrial Machinery,"New Britain, Connecticut",9/30/1982,93556,
387,Starbucks Corp.,SBUX,reports,Consumer Discretionary,Restaurants,"Seattle, Washington",,829224,
388,State Street Corp.,STT,reports,Financials,Asset Management & Custody Banks,"Boston, Massachusetts",,93751,
389,Stryker Corp.,SYK,reports,Health Care,Health Care Equipment,"Kalamazoo, Michigan",12/12/2000,310764,
390,SVB Financial,SIVB,reports,Financials,Regional Banks,"Santa Clara, California",3/19/2018,719739,
391,Synchrony Financial,SYF,reports,Financials,Consumer Finance,"Stamford, Connecticut",11/18/2015,1601712,1971
392,Synopsys Inc.,SNPS,reports,Information Technology,Application Software,"Mountain View, California",3/16/2017,883241,
393,Sysco Corp.,SYY,reports,Consumer Staples,Food Distributors,"Houston, Texas",12/31/1986,96021,
394,T. Rowe Price Group,TROW,reports,Financials,Asset Management & Custody Banks,"Baltimore, Maryland",,1113169,
395,Take-Two Interactive,TTWO,reports,Communication Services,Interactive Home Entertainment,"New York, New York",3/19/2018,946581,
396,"Tapestry, Inc.",TPR,reports,Consumer Discretionary,"Apparel, Accessories & Luxury Goods","New York, New York",,1116132,
397,Target Corp.,TGT,reports,Consumer Discretionary,General Merchandise Stores,"Minneapolis, Minnesota",12/31/1976,27419,
398,TE Connectivity Ltd.,TEL,reports,Information Technology,Electronic Manufacturing Services,"Schaffhausen, Switzerland",10/17/2011,1385157,
399,TechnipFMC,FTI,reports,Energy,Oil & Gas Equipment & Services,"London, United Kingdom",6/5/2009,1681459,1937
400,Teleflex Inc,TFX,reports,Health Care,Health Care Equipment,"Wayne, Pennsylvania",1/18/2019,96943,
401,Texas Instruments,TXN,reports,Information Technology,Semiconductors,"Dallas, Texas",,97476,2017
402,Textron Inc.,TXT,reports,Industrials,Aerospace & Defense,"Providence, Rhode Island",12/31/1978,217346,
403,Thermo Fisher Scientific,TMO,reports,Health Care,Health Care Equipment,"Waltham, Massachusetts",,97745,
404,"Twitter, Inc.",TWTR,reports,Communication Services,Interactive Media & Services,"San Francisco, California",6/7/2018,1418091,
405,TJX Companies Inc.,TJX,reports,Consumer Discretionary,Apparel Retail,"Framingham, Massachusetts",9/30/1985,109198,1930
406,Tractor Supply Company,TSCO,reports,Consumer Discretionary,Specialty Stores,"Brentwood, Tennessee",1/24/2014,916365,
407,TransDigm Group,TDG,reports,Industrials,Aerospace & Defense,"Cleveland, Ohio",6/3/2016,1260221,
408,The Travelers Companies Inc.,TRV,reports,Financials,Property & Casualty Insurance,"New York, New York",8/21/2002,86312,
409,TripAdvisor,TRIP,reports,Communication Services,Interactive Media & Services,"Newton, Massachusetts",12/21/2011,1526520,
410,Tyson Foods,TSN,reports,Consumer Staples,Packaged Foods & Meats,"Springdale, Arkansas",,100493,
411,UDR Inc,UDR,reports,Real Estate,Residential REITs,"Highlands Ranch, Colorado",3/7/2016,74208,
412,Ulta Beauty,ULTA,reports,Consumer Discretionary,Specialty Stores,"Bolingbrook, Illinois",4/18/2016,1403568,
413,U.S. Bancorp,USB,reports,Financials,Diversified Banks,"Minneapolis, Minnesota",,36104,
414,Under Armour Class A,UAA,reports,Consumer Discretionary,"Apparel, Accessories & Luxury Goods","Baltimore, Maryland",3/25/2016,1336917,
415,Union Pacific,UNP,reports,Industrials,Railroads,"Omaha, Nebraska",,100885,
416,United Continental Holdings,UAL,reports,Industrials,Airlines,"Chicago, Illinois",9/3/2015,100517,
417,United Health Group Inc.,UNH,reports,Health Care,Managed Health Care,"Minnetonka, Minnesota",7/1/1994,731766,
418,United Parcel Service,UPS,reports,Industrials,Air Freight & Logistics,"Atlanta, Georgia",7/22/2002,1090727,
419,"United Rentals, Inc.",URI,reports,Industrials,Trading Companies & Distributors,"Stamford, Connecticut",9/20/2014,1067701,1968
420,"Universal Health Services, Inc.",UHS,reports,Health Care,Health Care Facilities,"King of Prussia, Pennsylvania",9/20/2014,352915,
421,Unum Group,UNM,reports,Financials,Life & Health Insurance,"Chattanooga, Tennessee",3/1/1994,5513,
422,V.F. Corp.,VFC,reports,Consumer Discretionary,"Apparel, Accessories & Luxury Goods","Greensboro, North Carolina",6/30/1979,103379,
423,Valero Energy,VLO,reports,Energy,Oil & Gas Refining & Marketing,"San Antonio, Texas",,1035002,
424,Ventas Inc,VTR,reports,Real Estate,Health Care REITs,"Chicago, Illinois",3/4/2009,740260,
425,Verisign Inc.,VRSN,reports,Information Technology,Internet Services & Infrastructure,"Dulles, Virginia",2/1/2006,1014473,
426,Verisk Analytics,VRSK,reports,Industrials,Research & Consulting Services,"Jersey City, New Jersey",10/8/2015,1442145,
427,Verizon Communications,VZ,reports,Communication Services,Integrated Telecommunication Services,"New York, New York",11/30/1983,732712,
428,Vertex Pharmaceuticals Inc,VRTX,reports,Health Care,Biotechnology,"Cambridge, Massachusetts",9/23/2013,875320,
429,Visa Inc.,V,reports,Information Technology,Internet Software & Services,"San Francisco, California",12/21/2009,1403161,
430,Vornado Realty Trust,VNO,reports,Real Estate,Office REITs,"New York, New York",,899689,
431,Vulcan Materials,VMC,reports,Materials,Construction Materials,"Birmingham, Alabama",6/30/1999,1396009,1980
432,Walmart,WMT,reports,Consumer Staples,Hypermarkets & Super Centers,"Bentonville, Arkansas",8/31/1982,104169,
433,Walgreens Boots Alliance,WBA,reports,Consumer Staples,Drug Retail,"Deerfield, Illinois",12/31/1979,1618921,
434,The Walt Disney Company,DIS,reports,Communication Services,Movies & Entertainment,"Burbank, California",6/30/1976,1001039,
435,Waste Management Inc.,WM,reports,Industrials,Environmental & Facilities Services,"Houston, Texas",,823768,
436,Waters Corporation,WAT,reports,Health Care,Health Care Distributors,"Milford, Massachusetts",,1000697,
437,Wec Energy Group Inc,WEC,reports,Utilities,Electric Utilities,"Milwaukee, Wisconsin",10/31/2008,783325,
438,Wells Fargo,WFC,reports,Financials,Diversified Banks,"San Francisco, California",6/30/1976,72971,
439,Welltower Inc.,WELL,reports,Real Estate,Health Care REITs,"Toledo, Ohio",1/30/2009,766704,
440,Western Digital,WDC,reports,Information Technology,"Technology Hardware, Storage & Peripherals","Irvine, California",7/1/2009,106040,
441,Western Union Co,WU,reports,Information Technology,Internet Software & Services,"Englewood, Colorado",,1365135,
442,Weyerhaeuser,WY,reports,Materials,Lumber & Wood Production,"Seattle, Washington",,106535,
443,Whirlpool Corp.,WHR,reports,Consumer Discretionary,Household Appliances,"Benton Harbor, Michigan",,106640,
444,Williams Cos.,WMB,reports,Energy,Oil & Gas Storage & Transportation,"Tulsa, Oklahoma",3/31/1975,107263,1968
445,Willis Towers Watson,WLTW,reports,Financials,Insurance Brokers,"London, United Kingdom",1/5/2016,1140536,1958
446,Wynn Resorts Ltd,WYNN,reports,Consumer Discretionary,Casinos & Gaming,"Paradise, Nevada",11/14/2008,1174922,
447,Xcel Energy Inc,XEL,reports,Utilities,Multi-Utilities,"Minneapolis, Minnesota",,72903,
448,Xerox,XRX,reports,Information Technology,"Technology Hardware, Storage & Peripherals","Norwalk, Connecticut",,108772,
449,Xilinx,XLNX,reports,Information Technology,Semiconductors,"San Jose, California",11/8/1999,743988,
450,Xylem Inc.,XYL,reports,Industrials,Industrial Machinery,"White Plains, New York",11/1/2011,1524472,
451,Yum! Brands Inc,YUM,reports,Consumer Discretionary,Restaurants,"Louisville, Kentucky",10/6/1997,1041061,1851
452,Zimmer Biomet Holdings,ZBH,reports,Health Care,Health Care Equipment,"Warsaw, Indiana",8/7/2001,1136869,
453,Zions Bancorp,ZION,reports,Financials,Regional Banks,"Salt Lake City, Utah",6/22/2001,109380,
454,Zoetis,ZTS,reports,Health Care,Pharmaceuticals,"Florham Park, New Jersey",6/21/2013,1555280,1911
